Workbook

Sheet Summary
A1: Data Engineering Learning Tracker
A2: Use this to track what's covered in AWS labs vs. what's still open across the full DE skill set.
A4: Track | B4: Total Topics | C4: Done | D4: In Progress | E4: Not Started | F4: % Complete
A5: Batch ETL-Glue | B5: =COUNTA('Batch ETL-Glue'!B2:B11) -> 10 | C5: =COUNTIF('Batch ETL-Glue'!F2:F11,"Done") -> 8 | D5: =COUNTIF('Batch ETL-Glue'!F2:F11,"In Progress") -> 1 | E5: =B5-C5-D5 -> 1 | F5: =IFERROR(C5/B5,0) -> 0.8
A6: Data Modeling | B6: =COUNTA('Data Modeling'!B2:B9) -> 8 | C6: =COUNTIF('Data Modeling'!F2:F9,"Done") -> 0 | D6: =COUNTIF('Data Modeling'!F2:F9,"In Progress") -> 0 | E6: =B6-C6-D6 -> 8 | F6: =IFERROR(C6/B6,0) -> 0
A7: Orchestration | B7: =COUNTA(Orchestration!B2:B9) -> 8 | C7: =COUNTIF(Orchestration!F2:F9,"Done") -> 0 | D7: =COUNTIF(Orchestration!F2:F9,"In Progress") -> 0 | E7: =B7-C7-D7 -> 8 | F7: =IFERROR(C7/B7,0) -> 0
A8: Streaming | B8: =COUNTA(Streaming!B2:B8) -> 7 | C8: =COUNTIF(Streaming!F2:F8,"Done") -> 0 | D8: =COUNTIF(Streaming!F2:F8,"In Progress") -> 0 | E8: =B8-C8-D8 -> 7 | F8: =IFERROR(C8/B8,0) -> 0
A9: Data Quality | B9: =COUNTA('Data Quality'!B2:B7) -> 6 | C9: =COUNTIF('Data Quality'!F2:F7,"Done") -> 0 | D9: =COUNTIF('Data Quality'!F2:F7,"In Progress") -> 0 | E9: =B9-C9-D9 -> 6 | F9: =IFERROR(C9/B9,0) -> 0
A10: Perf Tuning | B10: =COUNTA('Perf Tuning'!B2:B9) -> 8 | C10: =COUNTIF('Perf Tuning'!F2:F9,"Done") -> 0 | D10: =COUNTIF('Perf Tuning'!F2:F9,"In Progress") -> 0 | E10: =B10-C10-D10 -> 8 | F10: =IFERROR(C10/B10,0) -> 0
A11: Modern ELT-dbt | B11: =COUNTA('Modern ELT-dbt'!B2:B7) -> 6 | C11: =COUNTIF('Modern ELT-dbt'!F2:F7,"Done") -> 0 | D11: =COUNTIF('Modern ELT-dbt'!F2:F7,"In Progress") -> 0 | E11: =B11-C11-D11 -> 6 | F11: =IFERROR(C11/B11,0) -> 0
A12: Governance-Security | B12: =COUNTA('Governance-Security'!B2:B7) -> 6 | C12: =COUNTIF('Governance-Security'!F2:F7,"Done") -> 1 | D12: =COUNTIF('Governance-Security'!F2:F7,"In Progress") -> 0 | E12: =B12-C12-D12 -> 5 | F12: =IFERROR(C12/B12,0) -> 0.16666667
A13: Cost Optimization | B13: =COUNTA('Cost Optimization'!B2:B6) -> 5 | C13: =COUNTIF('Cost Optimization'!F2:F6,"Done") -> 0 | D13: =COUNTIF('Cost Optimization'!F2:F6,"In Progress") -> 0 | E13: =B13-C13-D13 -> 5 | F13: =IFERROR(C13/B13,0) -> 0
A14: CI-CD | B14: =COUNTA('CI-CD'!B2:B6) -> 5 | C14: =COUNTIF('CI-CD'!F2:F6,"Done") -> 0 | D14: =COUNTIF('CI-CD'!F2:F6,"In Progress") -> 0 | E14: =B14-C14-D14 -> 5 | F14: =IFERROR(C14/B14,0) -> 0
A15: Observability | B15: =COUNTA(Observability!B2:B6) -> 5 | C15: =COUNTIF(Observability!F2:F6,"Done") -> 0 | D15: =COUNTIF(Observability!F2:F6,"In Progress") -> 0 | E15: =B15-C15-D15 -> 5 | F15: =IFERROR(C15/B15,0) -> 0
A16: TOTAL | B16: =SUM(B5:B15) -> 74 | C16: =SUM(C5:C15) -> 9 | D16: =SUM(D5:D15) -> 1 | E16: =SUM(E5:E15) -> 64 | F16: =IFERROR(C16/B16,0) -> 0.12162162
A18: Legend: set Status per row in each tab (dropdown) — green = Done, yellow = In Progress, red = Not Started.

Sheet Batch ETL-Glue
A1: # | B1: Topic | C1: Skill / Subtopic | D1: Description | E1: Priority | F1: Status | G1: AWS Service(s) | H1: Suggested Resource | I1: Notes
A2: 1 | B2: S3 data lake structure | C2: Raw / curated / consumption zones | D2: Landing, raw, curated, consumption zone separation patterns | E2: High | F2: Not Started | G2: S3, Lake Formation | H2: AWS Well-Architected Analytics Lens
A3: 2 | B3: Glue Data Catalog | C3: Catalog as metadata pointer | D3: Tables = schema + location pointer, never a data copy | E3: High | F3: Done | G3: Glue, Lake Formation | H3: This lab session | I3: Confirmed hands-on with _lab_cloudtrail vs lab_cloudtrail
A4: 3 | B4: Crawlers | C4: Schema inference | D4: How crawlers sample files and infer schema/partitions | E4: High | F4: Done | G4: Glue Crawler | H4: This lab session | I4: 'discoverer' crawler
A5: 4 | B5: Glue ETL Jobs (Spark) | C5: DynamicFrame, ApplyMapping, DropNullFields | D5: Core Glue transform primitives | E5: High | F5: Done | G5: Glue Studio | H5: cloudtrail_incremental.py | I5: Read the real AWS script
A6: 5 | B6: Hive-style partitioning | C6: Partition pruning & hidden partitioning | D6: Physical folder layout vs logical table schema | E6: High | F6: Done | G6: S3, Athena, Glue | H6: This lab session | I6: 8-vs-20 column investigation
A7: 6 | B7: Job Bookmarks & incremental loads | C7: push_down_predicate, job.commit() | D7: Avoiding reprocessing data on reruns | E7: High | F7: Done | G7: Glue Job Bookmark | H7: This lab session
A8: 7 | B8: Lake Formation permissions model | C8: Fine-grained grants vs plain IAM | D8: GetDataAccess / GrantPermissions mechanics | E8: Medium | F8: Done | G8: Lake Formation | H8: This lab session | I8: ServiceRole vs WorkflowRole
A9: 8 | B9: Workflow orchestration (Glue Workflows) | C9: Triggers / crawlers / jobs DAG | D9: AWS-native but narrow orchestration tool | E9: Medium | F9: In Progress | G9: Glue Workflows | H9: This lab session | I9: Trigger predicate + crawler config detail still open
A10: 9 | B10: Athena query engine | C10: Serverless SQL over S3 | D10: Partition pruning, cost = bytes scanned | E10: Medium | F10: Done | G10: Athena | H10: This lab session
A11: 10 | B11: CloudTrail as a data source | C11: Management vs data events | D11: Understanding audit log structure & scope | E11: Low | F11: Done | G11: CloudTrail | H11: This lab session

Sheet Data Modeling
A1: # | B1: Topic | C1: Skill / Subtopic | D1: Description | E1: Priority | F1: Status | G1: AWS Service(s) | H1: Suggested Resource | I1: Notes
A2: 1 | B2: Dimensional modeling basics | C2: Facts vs dimensions | D2: Core star-schema vocabulary | E2: High | F2: Not Started | G2: Redshift / Snowflake | H2: Kimball, 'The Data Warehouse Toolkit'
A3: 2 | B3: Star vs snowflake schema | C3: Denormalization tradeoffs | D3: When to normalize dimension tables | E3: High | F3: Not Started
A4: 3 | B4: Slowly Changing Dimensions | C4: SCD Type 0/1/2/3 | D4: Handling dimension attribute changes over time | E4: High | F4: Not Started
A5: 4 | B5: Surrogate keys | C5: Why not natural/business keys | D5: Key design for dimension tables | E5: Medium | F5: Not Started
A6: 5 | B6: Fact table grain | C6: Choosing the correct grain | D6: Avoiding fan-out / double counting in joins | E6: High | F6: Not Started
A7: 6 | B7: Bridge / junk dimensions | C7: Many-to-many relationships | D7: Handling multi-valued dimension attributes | E7: Low | F7: Not Started
A8: 7 | B8: Data vault modeling | C8: Hub / link / satellite pattern | D8: Alternative to Kimball for the raw layer | E8: Low | F8: Not Started
A9: 8 | B9: OLTP vs OLAP schema design | C9: Normalization vs query performance | D9: Transactional vs analytical design goals | E9: Medium | F9: Not Started

Sheet Orchestration
A1: # | B1: Topic | C1: Skill / Subtopic | D1: Description | E1: Priority | F1: Status | G1: AWS Service(s) | H1: Suggested Resource | I1: Notes
A2: 1 | B2: Airflow core concepts | C2: DAGs, Operators, Tasks | D2: Basic building blocks of a DAG | E2: High | F2: Not Started | G2: MWAA | H2: Airflow docs
A3: 2 | B3: Airflow scheduling & backfills | C3: Cron vs data intervals, catchup | D3: Handling historical reprocessing correctly | E3: High | F3: Not Started | G3: MWAA
A4: 3 | B4: Airflow sensors & dependencies | C4: Waiting on external events/files | D4: Cross-DAG and external dependency handling | E4: Medium | F4: Not Started | G4: MWAA
A5: 4 | B5: XCom & task communication | C5: Passing small data between tasks | D5: Task-to-task state passing | E5: Medium | F5: Not Started | G5: MWAA
A6: 5 | B6: Retry policies & SLAs | C6: Failure handling at orchestration layer | D6: Alerting on missed SLAs | E6: High | F6: Not Started | G6: MWAA
A7: 6 | B7: AWS Step Functions | C7: State machines as alternative orchestrator | D7: Compare to Airflow's DAG model | E7: Medium | F7: Not Started | G7: Step Functions
A8: 7 | B8: Glue Workflows vs Airflow vs Step Functions | C8: Tool tradeoffs | D8: When to use which orchestrator | E8: Medium | F8: Not Started | I8: This lab gives the Glue Workflows baseline
A9: 8 | B9: Idempotent DAG design | C9: Safe re-runs and backfills | D9: Designing tasks that tolerate re-execution | E9: High | F9: Not Started

Sheet Streaming
A1: # | B1: Topic | C1: Skill / Subtopic | D1: Description | E1: Priority | F1: Status | G1: AWS Service(s) | H1: Suggested Resource | I1: Notes
A2: 1 | B2: Kafka fundamentals | C2: Topics, partitions, consumer groups | D2: Core pub/sub messaging model | E2: High | F2: Not Started | G2: MSK | H2: Kafka: The Definitive Guide
A3: 2 | B3: Kinesis Streams & Firehose | C3: AWS-native streaming ingestion | D3: Compare to Kafka's model | E3: High | F3: Not Started | G3: Kinesis
A4: 3 | B4: Spark Structured Streaming | C4: Micro-batch vs continuous processing | D4: Streaming DataFrame API | E4: High | F4: Not Started | G4: EMR / Glue Streaming
A5: 4 | B5: Windowing & watermarking | C5: Handling late/out-of-order data | D5: Event-time vs processing-time | E5: Medium | F5: Not Started
A6: 5 | B6: Exactly-once vs at-least-once | C6: Delivery guarantee tradeoffs | D6: Idempotency at the streaming layer | E6: High | F6: Not Started
A7: 6 | B7: Streaming vs micro-batch vs batch | C7: Choosing the right paradigm | D7: Latency vs complexity tradeoffs | E7: Medium | F7: Not Started
A8: 7 | B8: Schema registry | C8: Managing evolving streaming schemas | D8: Producer/consumer schema compatibility | E8: Low | F8: Not Started | G8: Glue Schema Registry

Sheet Data Quality
A1: # | B1: Topic | C1: Skill / Subtopic | D1: Description | E1: Priority | F1: Status | G1: AWS Service(s) | H1: Suggested Resource | I1: Notes
A2: 1 | B2: Data validation frameworks | C2: Great Expectations basics | D2: Define and run expectation suites | E2: High | F2: Not Started | H2: greatexpectations.io
A3: 2 | B3: dbt tests | C3: not_null, unique, relationships | D3: Built-in and custom dbt test types | E3: High | F3: Not Started | G3: dbt
A4: 3 | B4: Schema contracts | C4: Producer/consumer schema agreements | D4: Preventing breaking upstream changes | E4: Medium | F4: Not Started | G4: Glue Schema Registry
A5: 4 | B5: Unit testing pipelines | C5: Testing transform logic in isolation | D5: pytest for PySpark/pandas functions | E5: High | F5: Not Started | G5: pytest, chispa
A6: 5 | B6: Anomaly / drift detection | C6: Detecting unexpected data changes | D6: Row count, null rate, distribution checks | E6: Medium | F6: Not Started
A7: 6 | B7: Data reconciliation | C7: Source vs target row/sum checks | D7: End-to-end pipeline correctness checks | E7: Medium | F7: Not Started

Sheet Perf Tuning
A1: # | B1: Topic | C1: Skill / Subtopic | D1: Description | E1: Priority | F1: Status | G1: AWS Service(s) | H1: Suggested Resource | I1: Notes
A2: 1 | B2: Spark partitioning strategy | C2: Avoiding data skew | D2: repartition vs coalesce | E2: High | F2: Not Started | G2: EMR / Glue
A3: 2 | B3: Shuffle optimization | C3: Minimizing wide transformations | D3: groupBy/join cost awareness | E3: High | F3: Not Started
A4: 3 | B4: Broadcast joins | C4: Small-table join optimization | D4: Avoiding unnecessary shuffles | E4: High | F4: Not Started
A5: 4 | B5: Caching / persistence | C5: When to cache intermediate DataFrames | D5: Reuse vs recompute tradeoffs | E5: Medium | F5: Not Started
A6: 5 | B6: File size optimization | C6: Avoiding the small-file problem at scale | D6: Compaction strategies | E6: High | F6: Not Started | I6: Saw groupFiles/groupSize option in this lab
A7: 6 | B7: Predicate / partition pushdown | C7: Reading less data at the source | D7: Filter-before-read patterns | E7: High | F7: Not Started | I7: Saw push_down_predicate in this lab
A8: 7 | B8: Z-ordering / compaction (Iceberg/Delta) | C8: OTF-specific optimization | D8: Ties back to the Parquet vs OTF discussion | E8: Medium | F8: Not Started | G8: Iceberg
A9: 8 | B9: Executor / memory tuning | C9: Cluster sizing decisions | D9: Worker type/count tradeoffs | E9: Medium | F9: Not Started | I9: Saw G.1X x5 workers in this lab

Sheet Modern ELT-dbt
A1: # | B1: Topic | C1: Skill / Subtopic | D1: Description | E1: Priority | F1: Status | G1: AWS Service(s) | H1: Suggested Resource | I1: Notes
A2: 1 | B2: ELT vs ETL paradigm shift | C2: Transform-in-warehouse vs transform-in-flight | D2: Modern data stack philosophy | E2: High | F2: Not Started
A3: 2 | B3: dbt models & materializations | C3: table/view/incremental/ephemeral | D3: Choosing the right materialization | E3: High | F3: Not Started | G3: dbt
A4: 3 | B4: dbt DAG: ref() & source() | C4: Dependency graph expressed in SQL | D4: How dbt builds its execution order | E4: High | F4: Not Started | G4: dbt
A5: 4 | B5: Warehouse-native SQL transforms | C5: Snowflake / BigQuery / Redshift SQL patterns | D5: SQL-first transformation style | E5: Medium | F5: Not Started | G5: Redshift
A6: 5 | B6: dbt docs & lineage | C6: Auto-generated documentation | D6: Built-in lineage graph | E6: Low | F6: Not Started | G6: dbt
A7: 6 | B7: CTEs & window functions | C7: Advanced SQL for transforms | D7: Core SQL skills for ELT work | E7: High | F7: Not Started

Sheet Governance-Security
A1: # | B1: Topic | C1: Skill / Subtopic | D1: Description | E1: Priority | F1: Status | G1: AWS Service(s) | H1: Suggested Resource | I1: Notes
A2: 1 | B2: Column / row-level security | C2: Fine-grained access beyond table level | D2: Restricting sensitive columns/rows | E2: High | F2: Not Started | G2: Lake Formation
A3: 2 | B3: PII masking & tokenization | C3: Protecting sensitive fields | D3: Data protection techniques | E3: High | F3: Not Started
A4: 3 | B4: Encryption at rest / in transit | C4: KMS, SSE-S3, TLS | D4: Baseline encryption practices | E4: Medium | F4: Not Started | G4: KMS
A5: 4 | B5: Data classification & tagging | C5: LF-Tags based access control | D5: Tag-based permission management | E5: Medium | F5: Not Started | G5: Lake Formation
A6: 5 | B6: Compliance basics | C6: GDPR / HIPAA / CCPA awareness | D6: High-level regulatory literacy | E6: Low | F6: Not Started
A7: 6 | B7: Audit logging | C7: Trail of who-did-what | D7: This lab's whole CloudTrail exercise | E7: High | F7: Done | G7: CloudTrail | H7: This lab session | I7: Management vs data events

Sheet Cost Optimization
A1: # | B1: Topic | C1: Skill / Subtopic | D1: Description | E1: Priority | F1: Status | G1: AWS Service(s) | H1: Suggested Resource | I1: Notes
A2: 1 | B2: S3 storage tiering | C2: Standard / IA / Glacier lifecycle rules | D2: Matching storage class to access pattern | E2: Medium | F2: Not Started | G2: S3
A3: 2 | B3: Athena cost control | C3: Bytes-scanned optimization | D3: Partitioning + columnar format to cut cost | E3: High | F3: Not Started | G3: Athena | I3: Practiced partition pruning concept
A4: 3 | B4: Glue job sizing | C4: Worker type/count/autoscaling tradeoffs | D4: Right-sizing compute for the workload | E4: Medium | F4: Not Started | G4: Glue | I4: Saw autoscaling checkbox unchecked in this lab
A5: 4 | B5: Spot / Flex execution | C5: Reduced-cost compute for non-urgent jobs | D5: Trading latency for savings | E5: Low | F5: Not Started | G5: Glue Flex | I5: Saw this checkbox in job details
A6: 5 | B6: Compute vs storage tradeoffs | C6: Denormalize/precompute vs on-demand cost | D6: Cost modeling of design choices | E6: Medium | F6: Not Started

Sheet CI-CD
A1: # | B1: Topic | C1: Skill / Subtopic | D1: Description | E1: Priority | F1: Status | G1: AWS Service(s) | H1: Suggested Resource | I1: Notes
A2: 1 | B2: Version control for pipelines | C2: Git practices for ETL code | D2: Branching/review workflow for data code | E2: High | F2: Not Started | G2: Glue Version Control | I2: Saw this tab in Glue job UI
A3: 2 | B3: Infrastructure as code | C3: Terraform / CloudFormation for data infra | D3: Reproducible environment provisioning | E3: High | F3: Not Started | G3: CloudFormation | I3: This lab was IaC-provisioned
A4: 3 | B4: Testing in CI | C4: Running unit/data tests on PR | D4: Automated gate before merge | E4: High | F4: Not Started
A5: 4 | B5: Environment promotion | C5: dev / staging / prod pipeline promotion | D5: Safe rollout process | E5: Medium | F5: Not Started
A6: 5 | B6: Deployment automation | C6: Automated job/DAG deployment | D6: CI/CD pipeline for data code | E6: Medium | F6: Not Started

Sheet Observability
A1: # | B1: Topic | C1: Skill / Subtopic | D1: Description | E1: Priority | F1: Status | G1: AWS Service(s) | H1: Suggested Resource | I1: Notes
A2: 1 | B2: CloudWatch metrics & logs | C2: Job monitoring basics | D2: Reading job run logs and metrics | E2: High | F2: Not Started | G2: CloudWatch | I2: Saw 'Job metrics' checkbox in this lab
A3: 2 | B3: Alerting on failures | C3: SNS / CloudWatch alarms | D3: Getting notified when a job fails | E3: High | F3: Not Started | G3: SNS
A4: 3 | B4: Data lineage tracking | C4: OpenLineage / Amazon DataZone | D4: Tracing data from source to consumption | E4: Medium | F4: Not Started | G4: DataZone | I4: Saw 'Generate lineage events' checkbox in this lab
A5: 4 | B5: SLA monitoring | C5: Detecting late or missing data | D5: Freshness monitoring | E5: Medium | F5: Not Started
A6: 5 | B6: Cost/usage dashboards | C6: Tracking spend over time | D6: Visibility into pipeline cost | E6: Low | F6: Not Started | G6: Cost Explorer
